Job Title,Field
"IT Help Desk Job in Rochester, NY:",Customer / Sales
Java full-stack developer,Software Development
Java Developer,Software Development
Data Scientist,Data & Analytics
Developer,Software Development
Battery Validation Engineer,Engineering
Power Electronics Design and Development Engineer,Engineering
QA Automation Tester,Quality / Testing
Senior Full Stack Java Developer,Software Development
Developer,Software Development
"IT Help Desk Job in Rochester, NY:",Customer / Sales
Java full-stack developer,Software Development
Java Developer,Software Development
"Document Control Specialist Job in Rochester, NY:",Other
Digital Analytics Manager Job:,Data & Analytics
Developer,Software Development
SAP EWM Functional Consultant,Business / Analyst
UX Designer,Engineering
Sr. Java Engineer,Software Development
Sr Java Engineer,Software Development
Remote Sr. SQL Database Developer Job :,Software Development
"Dev/Ops Data Pipeline Developer Job in Rochester, NY:",Software Development
"IT Manager Job in Syracuse, NY:",Management / PM
"Document Control Specialist Job in Rochester, NY:",Other
Senior Java Developer,Software Development
Senior Full Stack Developer,Software Development
Senior Full Stack Developer,Software Development
Senior Full Stack Developer,Software Development
Senior Full Stack Developer,Software Development
Java full-stack developer,Software Development
Senior Java Developer,Software Development
Sr. Software Engineer,Software Development
Microsoft Power BI Developer,Software Development
Senior Full Stack Developer,Software Development
Senior Java Developer,Software Development
Senior Full Stack Developer,Software Development
Senior Full Stack Developer,Software Development
Senior Full Stack Developer,Software Development
Senior Full Stack Developer,Software Development
Java full-stack developer,Software Development
Java full-stack developer,Software Development
Java full-stack developer,Software Development
Java full-stack developer,Software Development
Azure Data Engineer,Data & Analytics
Strategic Sourcing Manager,Management / PM
Database Administrator,Data & Analytics
Full Stack Tech Lead,Software Development
Developer,Software Development
Full Stack Tech Lead,Software Development
Project Manager,Management / PM
Business Analyst,Business / Analyst
Analyst,Business / Analyst
Full Stack Tech Lead,Software Development
Research Associate,Other
AWS Cloud Architect,IT Infrastructure
Senior Full Stack Engineer,Software Development
Infrastructure Business Analyst,IT Infrastructure
Full Stack Tech Lead,Software Development
Informatica Cloud Developer,Software Development
Salesforce Developer,Software Development
Business Analyst,Business / Analyst
Analyst,Business / Analyst
Full Stack Tech Lead,Software Development
Research Associate,Other
AWS Cloud Architect,IT Infrastructure
Senior Full Stack Engineer,Software Development
Infrastructure Business Analyst,IT Infrastructure
Full Stack Tech Lead,Software Development
Informatica Cloud Developer,Software Development
Salesforce Developer,Software Development
Business Analyst,Business / Analyst
Analyst,Business / Analyst
Full Stack Tech Lead,Software Development
Research Associate,Other
AWS Cloud Architect,IT Infrastructure
Senior Full Stack Engineer,Software Development
Infrastructure Business Analyst,IT Infrastructure
Full Stack Tech Lead,Software Development
Informatica Cloud Developer,Software Development
Salesforce Developer,Software Development
Engineer,Engineering
Android Developer,Software Development
Developer,Software Development
GoLang Tech Lead,Software Development
Mailbox Operations Specialist,IT Infrastructure
AI Developer,Software Development
Solution Architect,Management / PM
Developer,Software Development
Developer,Software Development
Facilities Power Design Engineer,Engineering
Mainframe DevOps Engineer,Engineering
Data Project Support Analyst,Data & Analytics
Azure Infra Engineer,Engineering
GCP Data Engineer,Data & Analytics
GCP Data Engineer,Data & Analytics
Engineer,Engineering
Software Engineer,Software Development
Business Analyst,Business / Analyst
Developer,Software Development
Automation Engineer,Engineering
Consultant,Business / Analyst
Associate Product Manager,Management / PM
Azure Infra Engineer,Engineering
Mailroom Shipping & Receiving Support Specialist,IT Infrastructure
CAD Drafter,Manufacturing / Technician
EDS Design Engineer,Engineering
Software Engineer,Software Development
Business Analyst,Business / Analyst
Developer,Software Development
Automation Engineer,Engineering
Project Manager,Management / PM
Java Developer,Software Development
Technical Lead,Management / PM
Database Administrator,Data & Analytics
Developer,Software Development
Developer,Software Development
System Administrator,IT Infrastructure
Engineer,Engineering
Analyst,Business / Analyst
Developer,Software Development
Project Manager,Management / PM
Java Developer,Software Development
Technical Lead,Management / PM
Database Administrator,Data & Analytics
Developer,Software Development
Developer,Software Development
System Administrator,IT Infrastructure
Engineer,Engineering
Analyst,Business / Analyst
Saleforce Developer,Software Development
Desktop Support Engineer,Engineering
Developer,Software Development
Business Analyst,Business / Analyst
Salesforce Developer,Software Development
Network Engineer,Engineering
Network Engineer,Engineering
Technical Solution Architect,Management / PM
System Administrator,IT Infrastructure
.NET / C# Application Developer,Software Development
"IT Project Manager Job in Rochester, NY:",Management / PM
Developer,Software Development
Developer,Software Development
Developer,Software Development
JAVA Developer,Software Development
Analyst,Business / Analyst
QA Consultant,Business / Analyst
Java Developer,Software Development
Data Analyst,Data & Analytics
Mechanical Design Engineer/Robotics Engineer,Engineering
Manufacturing Technician,Manufacturing / Technician
Analyst,Business / Analyst
Analyst,Business / Analyst
Data Center Operations Assembler,Data & Analytics
Program Manager,Management / PM
Analyst,Business / Analyst
QA Consultant,Business / Analyst
Java Developer,Software Development
Data Analyst,Data & Analytics
Coordinator Distribution,Management / PM
Data Analyst,Data & Analytics
Application Support,IT Infrastructure
Business Analyst,Business / Analyst
Network Implementation Engineer,Engineering
Sr. User Research,Other
Associate Software Engineer,Software Development
Senior Security Engineer,Engineering
Software Engineer - AI Platform,Software Development
Functional Consultant,Business / Analyst
UI Developer,Software Development
Developer,Software Development
System Administrator,IT Infrastructure
Business Analyst,Business / Analyst
Java Developer,Software Development
Angular Developer,Software Development
Engineer,Engineering
Senior Security Engineer,Engineering
Software Engineer - AI Platform,Software Development
Functional Consultant,Business / Analyst
UI Developer,Software Development
Developer,Software Development
Developer,Software Development
Desktop Hardware management engineer,Engineering
Sr. Hardware Tech,Engineering
Developer,Software Development
Technical IT Director,Management / PM
Consultant,Business / Analyst
Data Center Facilities (DCCF) Engineer,Data & Analytics
Developer,Software Development
Business Analyst,Business / Analyst
Desktop Application Developer,Software Development
Quality Manager,Management / PM
Developer,Software Development
Quality Engineer,Engineering
QA Test Lead,Management / PM
Developer,Software Development
ServiceNow/SecOps Developer,Software Development
Developer,Software Development
Developer,Software Development
AI Engineer wiht,Engineering
Advanced Lead Engineer - Hardware,Engineering
Terraform Cloud DevOps Engineer,Engineering
D365 F&O Sr. Developer,Software Development
Senior Software Engineer -Data,Software Development
Developer,Software Development
Developer,Software Development
Electrical/Controls Engineer,Engineering
Developer,Software Development
Developer,Software Development
AI Engineer wiht,Engineering
Python Developer,Software Development
Lead Engineer – Hardware,Engineering
Business Analyst,Business / Analyst
Lead,Management / PM
Automation Developer,Software Development
Senior Full Stack .NET Developer,Software Development
Python Developer,Software Development
Engineer,Engineering
Engineer,Engineering
Software Developer,Software Development
Credentialing Coordinator,Management / PM
Techno-Functional Analyst,Business / Analyst
Associate Product Manager,Management / PM
Data Scientist,Data & Analytics
Developer,Software Development
Automation tester,Quality / Testing
Business Analyst,Business / Analyst
Engineer,Engineering
Engineer,Engineering
Software Developer,Software Development
Credentialing Coordinator,Management / PM
Business Analyst,Business / Analyst
Network Automation Engineer,Engineering
Network Automation Engineer,Engineering
Network Automation Engineer,Engineering
Network Automation Engineer,Engineering
Network Automation Engineer,Engineering
Project Manager,Management / PM
AI Engineer,Engineering
AWS Terraform Developer,Software Development
Database Administrator,Data & Analytics
Customer Service Representative,Customer / Sales
Java Developer,Software Development
.NET full-stack+AWS,Software Development
Java Drools/BRMS with AWS,Software Development
Java developer,Software Development
Scrum Master,Other
Project Specialist II,Management / PM
AI Engineer,Engineering
AWS Terraform Developer,Software Development
Database Administrator,Data & Analytics
Network Engineer,Engineering
Analyst,Business / Analyst
Java and spring boot developer,Software Development
Sr. Mainframe Systems Programmer,Software Development
Maintenance Supervisor,Manufacturing / Technician
Senior Engineer,Engineering
System Administrator,IT Infrastructure
Sales Support Representative,IT Infrastructure
Sales Support Representative,IT Infrastructure
R&D Technician II,Manufacturing / Technician
Mold Maker,Manufacturing / Technician
Project Manager,Management / PM
Telecom Engineer,Engineering
Project Manager,Management / PM
Developer,Software Development
Analyst,Business / Analyst
Technical Customer Support,IT Infrastructure
Developer,Software Development
Consultant,Business / Analyst
Consultant,Business / Analyst
Data Technician 1 / Operations Assembler,Data & Analytics
Electrical Engineer 3,Engineering
Business Analyst,Business / Analyst
Adobe Experience Manager Developer,Software Development
Analyst,Business / Analyst
MuleSoft Integration Developer,Software Development
Engineer,Engineering
Developer,Software Development
Developer,Software Development
Project Manager,Management / PM
Business Analyst,Business / Analyst
PowerBI Developer,Software Development
Sr. Data Engineer,Data & Analytics
Oracle ERP Cloud Technical Consultant,IT Infrastructure
Oracle Procurement Cloud Functional Consultant,IT Infrastructure
MuleSoft Integration Developer,Software Development
Engineer,Engineering
Developer,Software Development
Technical Lead,Management / PM
Business Analyst,Business / Analyst
Lead Electronics Design Engineer,Engineering
Developer,Software Development
Engineer,Engineering
Consultant,Business / Analyst
Engineer,Engineering
Developer,Software Development
Business Analyst,Business / Analyst
Engineer,Engineering
Engineer,Engineering
TSQL developer,Software Development
Technical Writer,Other
Engineer,Engineering
Front-End Engineer,Engineering
DataPower Admin,Data & Analytics
Solutions Architect - SAP,Management / PM
CNC Machinist,Manufacturing / Technician
Business Analyst,Business / Analyst
Business Consultant,Business / Analyst
Developer,Software Development
Developer,Software Development
Engineer,Engineering
Developer,Software Development
Playwright Automation Engineer,Software Development
Director of Technical Marketing,Management / PM
IBM Sterling Consultant,Business / Analyst
Analyst,Business / Analyst
Memory Systems Engineer,Engineering
Oracle Fusion Security Specialist,Other
Developer,Software Development
10476-1 - Service and Support Administrator,IT Infrastructure
Project Manager,Management / PM
Salesforce Developer,Software Development
Salesforce Developer,Software Development
Salesforce Architect,Software Development
Developer,Software Development
Data Scientist,Data & Analytics
Developer,Software Development
Engineer,Engineering
Developer,Software Development
Developer,Software Development
Senior Network Architect,IT Infrastructure
Developer,Software Development
Developer,Software Development
Captial Equipment Technician LVL II-III,Design / Creative
Developer,Software Development
Data Scientist,Data & Analytics
Quality Assurance Consultant,Business / Analyst
Project Risk Manager,Management / PM
Linux Engineer,Engineering
Application Trade Support Analyst,IT Infrastructure
Developer,Software Development
Infrastructure Project Manager,IT Infrastructure
Service Desk Agent,Customer / Sales
SharePoint Developer,Software Development
Full Stack Developer,Software Development
Project Manager,Management / PM
IT Project Manager,Management / PM
Big Data Engineer,Data & Analytics
Data Analyst,Data & Analytics
Pharmacy Verification Support,IT Infrastructure
Application Programmer,Software Development
User Experience Designer,Engineering
Quality Assurance Consultant,Business / Analyst
Project Manager,Management / PM
Quality Assurance Consultant,Business / Analyst
Application Programmer,Software Development
IT Project Manager,Management / PM
Big Data Engineer,Data & Analytics
Data Analyst,Data & Analytics
Pharmacy Verification Support,IT Infrastructure
MuleSoft Developer,Software Development
Axiom Developer,Software Development
Java Full Stack Developer,Software Development
Business Analyst,Business / Analyst
Business Analyst,Business / Analyst
Scrum Master,Other
Sr. AEM Engineer,Software Development
Data Bricks Engineer,Data & Analytics
Engineer,Engineering
Business Analyst,Business / Analyst
Developer,Software Development
Functional Analyst,Business / Analyst
Business Consultant,Business / Analyst
Developer,Software Development
Business Analyst,Business / Analyst
Business Analyst,Business / Analyst
Audit Analytics – Jira,Data & Analytics
Quality Assurance Consultant,Business / Analyst
Splunk Engineer,Data & Analytics
Java Developer,Software Development
Business Analyst,Business / Analyst
Business Analyst,Business / Analyst
Hadoop Developer,Software Development
Java Developer,Software Development
AI/ML Engineer,Engineering
Techno business analyst,Business / Analyst
Audit Analytics – Jira,Data & Analytics
Quality Assurance Consultant,Business / Analyst
Splunk Engineer,Data & Analytics
Marketing Manager,Management / PM
Production Support Engineer,Engineering
Data Intelligence SME,Data & Analytics
Application Support Engineer,Engineering
Big Data Engineer,Data & Analytics
Business Support Manager,IT Infrastructure
Java Developer,Software Development
Technical Project Manager,Management / PM
Senior Software Developer,Software Development
Contractor Connect Application Specialist,Other
Business Analyst,Business / Analyst
Call Center Customer Service,Customer / Sales
Engineer,Engineering
Design Engineer,Engineering
Engineer,Engineering
JDE Developer,Software Development
Sourcing Applications Specialist,Other
Sourcing Applications Manager,Management / PM
Senior Software Developer,Software Development
Developer,Software Development
Developer,Software Development
Technical Architect,Management / PM
Business Analyst,Business / Analyst
Developer,Software Development
Developer,Software Development
Developer,Software Development
Developer,Software Development
Developer,Software Development
Developer,Software Development
Developer,Software Development
Data Center Operations Assembler,Data & Analytics
Developer,Software Development
Developer,Software Development
Desktop Admin,IT Infrastructure
Mainframe Z/os,IT Infrastructure
Analyst,Business / Analyst
Engineer,Engineering
Developer,Software Development
Software Engineer V,Software Development
Data Center Operations Assembler,Data & Analytics
Sr. Enterprise Architect,Management / PM
Project Manager III,Management / PM
Technician III,Manufacturing / Technician
Project Manager II,Management / PM
Project Manager III,Management / PM
Program Manager II,Management / PM
Project Engineer,Engineering
Invoice/Accounts Payable Analyst,Business / Analyst
Advanced Application Engineer,Engineering
Traffic & Distribution Analyst,Business / Analyst
Java Full Stack Developer,Software Development
Data Technician / Operations Assembler,Data & Analytics
Network Architect: Senior (NCR),IT Infrastructure
RF Engineer I,Engineering
Instructional Designer,Engineering
Operations Coordinator,Management / PM
Project Engineer,Engineering
Invoice/Accounts Payable Analyst,Business / Analyst
Advanced Application Engineer,Engineering
Traffic & Distribution Analyst,Business / Analyst
Java Full Stack Developer,Software Development
Sr Technical Writer,Other
Facilities Engineer,Engineering
DevOps Engineer / Release Engineer,Engineering
Data Engineer,Data & Analytics
Data Engineer,Data & Analytics
Data Engineer,Data & Analytics
Data Analyst,Data & Analytics
Power BI Developer,Software Development
Data Modeler,Data & Analytics
Varicent QA Lead,Management / PM
Deployment Network Engineer,Engineering
Functional QA Analyst,Business / Analyst
Network Engineer,Engineering
Developer,Software Development
Network Architect: Senior (NCR),IT Infrastructure
Senior React Developer,Software Development
Data Analyst,Data & Analytics
Power BI Developer,Software Development
Data Modeler,Data & Analytics
Varicent QA Lead,Management / PM
Developer,Software Development
API Testing Lead,Management / PM
"Inspector, Quality Control",Quality / Testing
Help Desk Support,IT Infrastructure
MERN Stack Developer,Software Development
Software Quality Engineer,Software Development
Graphic Designer,Engineering
M365 Migration Analyst,Business / Analyst
Tanium Resource – Remediation,Other
Software Developer,Software Development
Senior Linux Engineer,Engineering
Senior Engineer,Engineering
Engineer,Engineering
Engineer,Engineering
Engineer,Engineering
Engineer,Engineering
Engineer,Engineering
M365 Migration Analyst,Business / Analyst
Tanium Resource – Remediation,Other
Software Developer,Software Development
Azure Engineer – Administration,Engineering
Senior Salesforce Business Analyst,Software Development
Developer,Software Development
Cloud Engineering Lead – Azure,Engineering
Azure Engineer - Cloud Architect,Engineering
Biomedical Technician,Data & Analytics
System Administrator,IT Infrastructure
Solution Architect,Management / PM
Developer,Software Development
Database Administrator,Data & Analytics
System Administrator,IT Infrastructure
Engineer,Engineering
Engineering Technician 4,Engineering
Azure Engineer - Database Architect,Data & Analytics
Solution Architect Lead,Management / PM
Business Analyst,Business / Analyst
Program Manager,Management / PM
Developer,Software Development
Developer,Software Development
Java Developer,Software Development
SAP Finance (FICO) Architect,Management / PM
Developer,Software Development
SAP HCM (SuccessFactors) Technical Lead,Management / PM
ServiceNow Architect,Management / PM
Developer,Software Development
AV Technician,Manufacturing / Technician
Developer,Software Development
Developer,Software Development
Salesforce CPQ Developer,Software Development
Developer,Software Development
Business Risk Analyst,Business / Analyst
DevOps Engineer,Engineering
Project Coordinate Lead,Management / PM
Python Developer,Software Development
Microsoft Fabric Data Engineer,Data & Analytics
